<?xml version="1.0" encoding="UTF-8" ?>
<!DOCTYPE ldml SYSTEM "../../common/dtd/ldml.dtd">
<!-- Copyright © 1991-2013 Unicode, Inc.
CLDR data files are interpreted according to the LDML specification (http://unicode.org/reports/tr35/)
For terms of use, see http://www.unicode.org/copyright.html
-->
<ldml>
	<identity>
		<version number="$Revision: 9280 $"/>
		<generation date="$Date: 2013-08-27 13:07:13 -0500 (Tue, 27 Aug 2013) $"/>
		<language type="ar"/>
		<territory type="MA"/>
	</identity>
	<dates>
		<calendars>
			<calendar type="generic">
				<dateFormats>
					<dateFormatLength type="medium">
						<dateFormat>
							<pattern>G y/MM/dd</pattern>
						</dateFormat>
					</dateFormatLength>
					<dateFormatLength type="short">
						<dateFormat>
							<pattern>GGGGG y/M/d</pattern>
						</dateFormat>
					</dateFormatLength>
				</dateFormats>
				<dateTimeFormats>
					<availableFormats>
						<dateFormatItem id="Md">M/d</dateFormatItem>
						<dateFormatItem id="MMdd">MM/dd</dateFormatItem>
						<dateFormatItem id="yyyyM">G y/M</dateFormatItem>
						<dateFormatItem id="yyyyMM">G y/MM</dateFormatItem>
					</availableFormats>
					<intervalFormats>
						<intervalFormatItem id="d">
							<greatestDifference id="d">d‏-d</greatestDifference>
						</intervalFormatItem>
						<intervalFormatItem id="MMMd">
							<greatestDifference id="d">d‏-d MMM</greatestDifference>
						</intervalFormatItem>
						<intervalFormatItem id="y">
							<greatestDifference id="y">G y‏-y</greatestDifference>
						</intervalFormatItem>
						<intervalFormatItem id="yMMMd">
							<greatestDifference id="d">d‏–d MMM، y G</greatestDifference>
						</intervalFormatItem>
						<intervalFormatItem id="yMMMM">
							<greatestDifference id="M">MM ‏- MM ‏–y G</greatestDifference>
						</intervalFormatItem>
					</intervalFormats>
				</dateTimeFormats>
			</calendar>
			<calendar type="gregorian">
				<months>
					<monthContext type="format">
						<monthWidth type="abbreviated">
							<month type="1">يناير</month>
							<month type="2">فبراير</month>
							<month type="3">مارس</month>
							<month type="4">أبريل</month>
							<month type="5">ماي</month>
							<month type="6">يونيو</month>
							<month type="7">يوليوز</month>
							<month type="8">غشت</month>
							<month type="9">شتنبر</month>
							<month type="10">أكتوبر</month>
							<month type="11">نونبر</month>
							<month type="12">دجنبر</month>
						</monthWidth>
						<monthWidth type="narrow">
							<month type="1">ي</month>
							<month type="2">ف</month>
							<month type="3">م</month>
							<month type="4">أ</month>
							<month type="5">م</month>
							<month type="6">ن</month>
							<month type="7">ل</month>
							<month type="8">غ</month>
							<month type="9">ش</month>
							<month type="10">ك</month>
							<month type="11">ب</month>
							<month type="12">د</month>
						</monthWidth>
						<monthWidth type="wide">
							<month type="1">يناير</month>
							<month type="2">فبراير</month>
							<month type="3">مارس</month>
							<month type="4">أبريل</month>
							<month type="5">ماي</month>
							<month type="6">يونيو</month>
							<month type="7">يوليوز</month>
							<month type="8">غشت</month>
							<month type="9">شتنبر</month>
							<month type="10">أكتوبر</month>
							<month type="11">نونبر</month>
							<month type="12">دجنبر</month>
						</monthWidth>
					</monthContext>
					<monthContext type="stand-alone">
						<monthWidth type="abbreviated">
							<month type="1">يناير</month>
							<month type="2">فبراير</month>
							<month type="3">مارس</month>
							<month type="4">أبريل</month>
							<month type="5">ماي</month>
							<month type="6">يونيو</month>
							<month type="7">يوليوز</month>
							<month type="8">غشت</month>
							<month type="9">شتنبر</month>
							<month type="10">أكتوبر</month>
							<month type="11">نونبر</month>
							<month type="12">دجنبر</month>
						</monthWidth>
						<monthWidth type="narrow">
							<month type="1">ي</month>
							<month type="2">ف</month>
							<month type="3">م</month>
							<month type="4">أ</month>
							<month type="5">م</month>
							<month type="6">ن</month>
							<month type="7">ل</month>
							<month type="8">غ</month>
							<month type="9">ش</month>
							<month type="10">ك</month>
							<month type="11">ب</month>
							<month type="12">د</month>
						</monthWidth>
						<monthWidth type="wide">
							<month type="1">يناير</month>
							<month type="2">فبراير</month>
							<month type="3">مارس</month>
							<month type="4">أبريل</month>
							<month type="5">ماي</month>
							<month type="6">يونيو</month>
							<month type="7">يوليوز</month>
							<month type="8">غشت</month>
							<month type="9">شتنبر</month>
							<month type="10">أكتوبر</month>
							<month type="11">نونبر</month>
							<month type="12">دجنبر</month>
						</monthWidth>
					</monthContext>
				</months>
				<dateFormats>
					<dateFormatLength type="medium">
						<dateFormat>
							<pattern>y/MM/dd</pattern>
						</dateFormat>
					</dateFormatLength>
					<dateFormatLength type="short">
						<dateFormat>
							<pattern>y/M/d</pattern>
						</dateFormat>
					</dateFormatLength>
				</dateFormats>
				<dateTimeFormats>
					<availableFormats>
						<dateFormatItem id="Md">M/d</dateFormatItem>
						<dateFormatItem id="MMdd">MM/dd</dateFormatItem>
						<dateFormatItem id="yM">y/M</dateFormatItem>
						<dateFormatItem id="yMM">y/MM</dateFormatItem>
					</availableFormats>
					<intervalFormats>
						<intervalFormatItem id="d">
							<greatestDifference id="d">d‏-d</greatestDifference>
						</intervalFormatItem>
						<intervalFormatItem id="MMMd">
							<greatestDifference id="d">d‏-d MMM</greatestDifference>
						</intervalFormatItem>
						<intervalFormatItem id="y">
							<greatestDifference id="y">y‏-y</greatestDifference>
						</intervalFormatItem>
						<intervalFormatItem id="yMMMd">
							<greatestDifference id="d">d‏–d MMM، y</greatestDifference>
						</intervalFormatItem>
						<intervalFormatItem id="yMMMM">
							<greatestDifference id="M">MM ‏- MM ‏–y</greatestDifference>
						</intervalFormatItem>
					</intervalFormats>
				</dateTimeFormats>
			</calendar>
		</calendars>
	</dates>
	<numbers>
		<defaultNumberingSystem>latn</defaultNumberingSystem>
		<symbols numberSystem="arab">
			<decimal>٫</decimal>
			<group>٬</group>
		</symbols>
		<symbols numberSystem="latn">
			<decimal>,</decimal>
			<group>.</group>
		</symbols>
	</numbers>
</ldml>
