<?xml version="1.0" encoding="UTF-8" ?>
<!DOCTYPE ldml SYSTEM "../../common/dtd/ldml.dtd">
<!-- Copyright © 1991-2013 Unicode, Inc.
CLDR data files are interpreted according to the LDML specification (http://unicode.org/reports/tr35/)
For terms of use, see http://www.unicode.org/copyright.html
-->
<ldml>
	<identity>
		<version number="$Revision: 9287 $"/>
		<generation date="$Date: 2013-08-28 21:32:04 -0500 (Wed, 28 Aug 2013) $"/>
		<language type="ar"/>
		<territory type="TN"/>
	</identity>
	<dates>
		<calendars>
			<calendar type="generic">
				<dateFormats>
					<dateFormatLength type="medium">
						<dateFormat>
							<pattern>G y/MM/dd</pattern>
						</dateFormat>
					</dateFormatLength>
					<dateFormatLength type="short">
						<dateFormat>
							<pattern>GGGGG y/M/d</pattern>
						</dateFormat>
					</dateFormatLength>
				</dateFormats>
				<dateTimeFormats>
					<availableFormats>
						<dateFormatItem id="Md">M/d</dateFormatItem>
						<dateFormatItem id="MMdd">MM/dd</dateFormatItem>
						<dateFormatItem id="yyyyM">G y/M</dateFormatItem>
						<dateFormatItem id="yyyyMM">G y/MM</dateFormatItem>
					</availableFormats>
					<intervalFormats>
						<intervalFormatItem id="d">
							<greatestDifference id="d">d‏-d</greatestDifference>
						</intervalFormatItem>
						<intervalFormatItem id="M">
							<greatestDifference id="M">M‏-M</greatestDifference>
						</intervalFormatItem>
						<intervalFormatItem id="MMMd">
							<greatestDifference id="d">d‏-d MMM</greatestDifference>
						</intervalFormatItem>
						<intervalFormatItem id="y">
							<greatestDifference id="y">G y‏-y</greatestDifference>
						</intervalFormatItem>
						<intervalFormatItem id="yMMMd">
							<greatestDifference id="d">d‏-d MMM، y G</greatestDifference>
						</intervalFormatItem>
					</intervalFormats>
				</dateTimeFormats>
			</calendar>
			<calendar type="gregorian">
				<months>
					<monthContext type="format">
						<monthWidth type="abbreviated">
							<month type="1">جانفي</month>
							<month type="2">فيفري</month>
							<month type="3">مارس</month>
							<month type="4">أفريل</month>
							<month type="5">ماي</month>
							<month type="6">جوان</month>
							<month type="7">جويلية</month>
							<month type="8">أوت</month>
							<month type="9">سبتمبر</month>
							<month type="10">أكتوبر</month>
							<month type="11">نوفمبر</month>
							<month type="12">ديسمبر</month>
						</monthWidth>
						<monthWidth type="narrow">
							<month type="1">ج</month>
							<month type="2">ف</month>
							<month type="3">م</month>
							<month type="4">أ</month>
							<month type="5">م</month>
							<month type="6">ج</month>
							<month type="7">ج</month>
							<month type="8">أ</month>
							<month type="9">س</month>
							<month type="10">أ</month>
							<month type="11">ن</month>
							<month type="12">د</month>
						</monthWidth>
						<monthWidth type="wide">
							<month type="1">جانفي</month>
							<month type="2">فيفري</month>
							<month type="3">مارس</month>
							<month type="4">أفريل</month>
							<month type="5">ماي</month>
							<month type="6">جوان</month>
							<month type="7">جويلية</month>
							<month type="8">أوت</month>
							<month type="9">سبتمبر</month>
							<month type="10">أكتوبر</month>
							<month type="11">نوفمبر</month>
							<month type="12">ديسمبر</month>
						</monthWidth>
					</monthContext>
					<monthContext type="stand-alone">
						<monthWidth type="abbreviated">
							<month type="1">جانفي</month>
							<month type="2">فيفري</month>
							<month type="3">مارس</month>
							<month type="4">أفريل</month>
							<month type="5">ماي</month>
							<month type="6">جوان</month>
							<month type="7">جويلية</month>
							<month type="8">أوت</month>
							<month type="9">سبتمبر</month>
							<month type="10">أكتوبر</month>
							<month type="11">نوفمبر</month>
							<month type="12">ديسمبر</month>
						</monthWidth>
						<monthWidth type="narrow">
							<month type="1" draft="contributed">ج</month>
							<month type="2" draft="contributed">ف</month>
							<month type="3" draft="contributed">م</month>
							<month type="4" draft="contributed">أ</month>
							<month type="5" draft="contributed">م</month>
							<month type="6" draft="contributed">ج</month>
							<month type="7" draft="contributed">ج</month>
							<month type="8" draft="contributed">أ</month>
							<month type="9" draft="contributed">س</month>
							<month type="10" draft="contributed">أ</month>
							<month type="11" draft="contributed">ن</month>
							<month type="12" draft="contributed">د</month>
						</monthWidth>
						<monthWidth type="wide">
							<month type="1">جانفي</month>
							<month type="2">فيفري</month>
							<month type="3">مارس</month>
							<month type="4">أفريل</month>
							<month type="5">ماي</month>
							<month type="6">جوان</month>
							<month type="7">جويلية</month>
							<month type="8">أوت</month>
							<month type="9">سبتمبر</month>
							<month type="10">أكتوبر</month>
							<month type="11">نوفمبر</month>
							<month type="12">ديسمبر</month>
						</monthWidth>
					</monthContext>
				</months>
				<dateFormats>
					<dateFormatLength type="medium">
						<dateFormat>
							<pattern>y/MM/dd</pattern>
						</dateFormat>
					</dateFormatLength>
					<dateFormatLength type="short">
						<dateFormat>
							<pattern>y/M/d</pattern>
						</dateFormat>
					</dateFormatLength>
				</dateFormats>
				<dateTimeFormats>
					<availableFormats>
						<dateFormatItem id="Md">M/d</dateFormatItem>
						<dateFormatItem id="MMdd">MM/dd</dateFormatItem>
						<dateFormatItem id="yM">y/M</dateFormatItem>
						<dateFormatItem id="yMM">y/MM</dateFormatItem>
					</availableFormats>
					<intervalFormats>
						<intervalFormatItem id="d">
							<greatestDifference id="d">d‏-d</greatestDifference>
						</intervalFormatItem>
						<intervalFormatItem id="M">
							<greatestDifference id="M">M‏-M</greatestDifference>
						</intervalFormatItem>
						<intervalFormatItem id="MMMd">
							<greatestDifference id="d">d‏-d MMM</greatestDifference>
						</intervalFormatItem>
						<intervalFormatItem id="y">
							<greatestDifference id="y">y‏-y</greatestDifference>
						</intervalFormatItem>
						<intervalFormatItem id="yMMMd">
							<greatestDifference id="d">d‏-d MMM، y</greatestDifference>
						</intervalFormatItem>
					</intervalFormats>
				</dateTimeFormats>
			</calendar>
		</calendars>
	</dates>
	<numbers>
		<defaultNumberingSystem>latn</defaultNumberingSystem>
		<symbols numberSystem="latn">
			<decimal>,</decimal>
			<group>.</group>
		</symbols>
		<currencyFormats numberSystem="latn">
			<currencyFormatLength>
				<currencyFormat type="standard">
					<pattern>¤#0.00</pattern>
				</currencyFormat>
			</currencyFormatLength>
		</currencyFormats>
	</numbers>
</ldml>

