<?xml version="1.0" encoding="UTF-8" ?>
<!DOCTYPE ldml SYSTEM "../../common/dtd/ldml.dtd">
<!-- Copyright © 1991-2013 Unicode, Inc.
CLDR data files are interpreted according to the LDML specification (http://unicode.org/reports/tr35/)
For terms of use, see http://www.unicode.org/copyright.html
-->
<ldml>
	<identity>
		<version number="$Revision: 9280 $"/>
		<generation date="$Date: 2013-08-27 13:07:13 -0500 (Tue, 27 Aug 2013) $"/>
		<language type="bn"/>
		<territory type="IN"/>
	</identity>
	<localeDisplayNames>
		<languages>
			<language type="ab">আবখাজিয়ান</language>
			<language type="ace">অ্যাচাইনিজ</language>
			<language type="ach">আকোলি</language>
			<language type="afa">আফ্রো-এশিয়াটিক ভাষা</language>
			<language type="alg">আলগোনকিউয়ান ভাষা</language>
			<language type="anp" draft="contributed">আঙ্গিকা</language>
			<language type="ch" draft="contributed">চামোরো</language>
			<language type="chn" draft="contributed">চিনুক জার্গন</language>
			<language type="cho" draft="contributed">চকটোও</language>
			<language type="chp" draft="contributed">চিপেওয়াইয়ান</language>
			<language type="chy" draft="contributed">চেয়েনি</language>
			<language type="cu" draft="contributed">চার্চ স্লাভিক</language>
			<language type="de_AT">অস্ট্রিয়ান জারমান</language>
			<language type="doi">ডোগরি</language>
			<language type="fr_CA">ক্যানাডিয়ান ফরাসী</language>
			<language type="map" draft="contributed">অস্ট্রোনেসিয়ান</language>
			<language type="or">উড়িয়া</language>
			<language type="rup" draft="contributed">আরমেনিয়ান</language>
			<language type="tut" draft="contributed">আলটাইক</language>
			<language type="zbl" draft="contributed">ব্লিসসিম্বলস</language>
		</languages>
		<scripts>
			<script type="Hant">ঐতিহ্যবাহী</script>
		</scripts>
		<territories>
			<territory type="GD">গ্রেনেডা</territory>
			<territory type="GT">গোয়াতেমালা</territory>
			<territory type="JM">জামাইকা</territory>
		</territories>
		<keys>
			<key type="calendar">ক্যালেন্ডার</key>
		</keys>
	</localeDisplayNames>
	<characters>
		<ellipsis type="final" draft="contributed">{0}…</ellipsis>
		<ellipsis type="initial" draft="contributed">…{0}</ellipsis>
		<ellipsis type="medial" draft="contributed">{0}…{1}</ellipsis>
	</characters>
	<dates>
		<calendars>
			<calendar type="gregorian">
				<quarters>
					<quarterContext type="format">
						<quarterWidth type="abbreviated">
							<quarter type="1">ত্রৈমাসিক</quarter>
							<quarter type="2">ষাণ্মাসিক</quarter>
							<quarter type="4">বার্ষিক</quarter>
						</quarterWidth>
						<quarterWidth type="wide">
							<quarter type="1">ত্রৈমাসিক</quarter>
							<quarter type="2">ষাণ্মাসিক</quarter>
							<quarter type="3">তৃতীয় চতুর্থাংশ</quarter>
							<quarter type="4">বার্ষিক</quarter>
						</quarterWidth>
					</quarterContext>
					<quarterContext type="stand-alone">
						<quarterWidth type="abbreviated">
							<quarter type="1">Q1</quarter>
							<quarter type="2">Q2</quarter>
							<quarter type="3">Q3</quarter>
							<quarter type="4">Q4</quarter>
						</quarterWidth>
						<quarterWidth type="wide">
							<quarter type="1">ত্রৈমাসিক</quarter>
							<quarter type="2">ষাণ্মাসিক</quarter>
							<quarter type="3">তৃতীয় চতুর্থাংশ</quarter>
							<quarter type="4">বার্ষিক</quarter>
						</quarterWidth>
					</quarterContext>
				</quarters>
				<dateTimeFormats>
					<intervalFormats>
						<intervalFormatItem id="yMMMM">
							<greatestDifference id="M">MM – MM -y</greatestDifference>
						</intervalFormatItem>
					</intervalFormats>
				</dateTimeFormats>
			</calendar>
		</calendars>
		<fields>
			<field type="dayperiod">
				<displayName>AM/PM</displayName>
			</field>
		</fields>
		<timeZoneNames>
			<gmtZeroFormat>গ্রীনিচ মানক সময়</gmtZeroFormat>
			<metazone type="Alaska">
				<long>
					<generic>আলাস্কার সময়</generic>
					<standard>অ্যালাসকা মানক সময়</standard>
					<daylight>আলাসকা দিবালোক সময়</daylight>
				</long>
			</metazone>
			<metazone type="America_Central">
				<long>
					<generic>উত্তর আমিরিকা কেন্দ্রীয় সময়</generic>
					<standard>উত্তর আমিরিকা কেন্দ্রীয় মানক সময়</standard>
					<daylight>কেন্দ্রীয় দিবালোক মসয়</daylight>
				</long>
			</metazone>
			<metazone type="Cook">
				<long>
					<generic draft="contributed">কুক দ্বীপপুঞ্জ সময়</generic>
					<standard draft="contributed">কুক দ্বীপপুঞ্জ মানক সময়</standard>
					<daylight draft="contributed">কুক দ্বীপপুঞ্জ অর্ধেক গ্রীষ্মকাল সময়</daylight>
				</long>
			</metazone>
			<metazone type="Fiji">
				<long>
					<generic draft="contributed">ফিজি সময়</generic>
					<standard draft="contributed">ফিজি মানক সময়</standard>
					<daylight draft="contributed">ফিজি গ্রীষ্মকাল সময়</daylight>
				</long>
			</metazone>
			<metazone type="French_Southern">
				<long>
					<standard draft="contributed">ফরাসি দক্ষিণ এবং আন্টার্কটিক সময়</standard>
				</long>
			</metazone>
			<metazone type="Guyana">
				<long>
					<standard draft="contributed">গুয়ানা সময়</standard>
				</long>
			</metazone>
			<metazone type="Indian_Ocean">
				<long>
					<standard draft="contributed">ভারত মহাসাগরীয় সময়</standard>
				</long>
			</metazone>
			<metazone type="Kosrae">
				<long>
					<standard draft="contributed">কোসরেই সময়</standard>
				</long>
			</metazone>
			<metazone type="New_Zealand">
				<long>
					<generic draft="contributed">নিউজিল্যান্ড সময়</generic>
					<standard draft="contributed">নিউজিল্যান্ড মানক সময়</standard>
					<daylight draft="contributed">নিউজিল্যান্ড দিবালোকের সময়</daylight>
				</long>
			</metazone>
			<metazone type="Papua_New_Guinea">
				<long>
					<standard draft="contributed">পাপুয়া নিউগিনি সময়</standard>
				</long>
			</metazone>
			<metazone type="Pitcairn">
				<long>
					<standard draft="contributed">পিটকাইর্ন সময়</standard>
				</long>
			</metazone>
			<metazone type="Ponape">
				<long>
					<standard draft="contributed">পোনাপ সময়</standard>
				</long>
			</metazone>
			<metazone type="Syowa">
				<long>
					<standard draft="contributed">স্যোয়া সময়</standard>
				</long>
			</metazone>
			<metazone type="Tokelau">
				<long>
					<standard draft="contributed">টোকেলু সময়</standard>
				</long>
			</metazone>
			<metazone type="Vostok">
				<long>
					<standard draft="contributed">ভসটক সময়</standard>
				</long>
			</metazone>
		</timeZoneNames>
	</dates>
	<numbers>
		<decimalFormats numberSystem="latn">
			<decimalFormatLength type="long">
				<decimalFormat>
					<pattern type="1000" count="one">0 হাজার</pattern>
					<pattern type="1000" count="other">0 হাজার</pattern>
					<pattern type="10000" count="one">00 হাজার</pattern>
					<pattern type="10000" count="other">00 হাজার</pattern>
					<pattern type="100000" count="one">000 হাজার</pattern>
					<pattern type="100000" count="other">000 হাজার</pattern>
					<pattern type="1000000" count="one">0 মিলিয়ন</pattern>
					<pattern type="1000000" count="other">0 মিলিয়ন</pattern>
					<pattern type="10000000" count="one">00 মিলিয়ন</pattern>
					<pattern type="10000000" count="other">00 মিলিয়ন</pattern>
					<pattern type="100000000" count="one">000 মিলিয়ন</pattern>
					<pattern type="100000000" count="other">000 মিলিয়ন</pattern>
					<pattern type="1000000000" count="one">0 বিলিয়ন</pattern>
					<pattern type="1000000000" count="other">0 বিলিয়ন</pattern>
					<pattern type="10000000000" count="one">00 বিলিয়ন</pattern>
					<pattern type="10000000000" count="other">00 বিলিয়ন</pattern>
					<pattern type="100000000000" count="one">000 বিলিয়ন</pattern>
					<pattern type="100000000000" count="other">000 বিলিয়ন</pattern>
					<pattern type="1000000000000" count="one">0 ট্রিলিয়ন</pattern>
					<pattern type="1000000000000" count="other">0 ট্রিলিয়ন</pattern>
					<pattern type="10000000000000" count="one">00 ট্রিলিয়ন</pattern>
					<pattern type="10000000000000" count="other">00 ট্রিলিয়ন</pattern>
					<pattern type="100000000000000" count="one">000 ট্রিলিয়ন</pattern>
					<pattern type="100000000000000" count="other">000 ট্রিলিয়ন</pattern>
				</decimalFormat>
			</decimalFormatLength>
			<decimalFormatLength type="short">
				<decimalFormat>
					<pattern type="1000" count="one">0K</pattern>
					<pattern type="1000" count="other">0K</pattern>
					<pattern type="10000" count="one">00K</pattern>
					<pattern type="10000" count="other">00K</pattern>
					<pattern type="100000" count="one">000K</pattern>
					<pattern type="100000" count="other">000K</pattern>
					<pattern type="1000000" count="one">0M</pattern>
					<pattern type="1000000" count="other">0M</pattern>
					<pattern type="10000000" count="one">00M</pattern>
					<pattern type="10000000" count="other">00M</pattern>
					<pattern type="100000000" count="one">000M</pattern>
					<pattern type="100000000" count="other">000M</pattern>
					<pattern type="1000000000" count="one">0B</pattern>
					<pattern type="1000000000" count="other">0B</pattern>
					<pattern type="10000000000" count="one">00B</pattern>
					<pattern type="10000000000" count="other">00B</pattern>
					<pattern type="100000000000" count="one">000B</pattern>
					<pattern type="100000000000" count="other">000B</pattern>
					<pattern type="1000000000000" count="one">0T</pattern>
					<pattern type="1000000000000" count="other">0T</pattern>
					<pattern type="10000000000000" count="one">00T</pattern>
					<pattern type="10000000000000" count="other">00T</pattern>
					<pattern type="100000000000000" count="one">000T</pattern>
					<pattern type="100000000000000" count="other">000T</pattern>
				</decimalFormat>
			</decimalFormatLength>
		</decimalFormats>
	</numbers>
	<units>
		<unitLength type="narrow">
			<unit type="angle-arc-second">
				<unitPattern count="one">{0}″</unitPattern>
				<unitPattern count="other">{0}″</unitPattern>
			</unit>
			<unit type="area-square-kilometer">
				<unitPattern count="one">{0} km²</unitPattern>
				<unitPattern count="other">{0} km²</unitPattern>
			</unit>
			<unit type="area-square-mile">
				<unitPattern count="one">{0} mi²</unitPattern>
				<unitPattern count="other">{0} mi²</unitPattern>
			</unit>
			<unit type="speed-kilometer-per-hour">
				<unitPattern count="one">{0} kph</unitPattern>
				<unitPattern count="other">{0} kph</unitPattern>
			</unit>
			<unit type="speed-meter-per-second">
				<unitPattern count="one">{0} m/s</unitPattern>
				<unitPattern count="other">{0} m/s</unitPattern>
			</unit>
			<unit type="speed-mile-per-hour">
				<unitPattern count="one">{0} mph</unitPattern>
				<unitPattern count="other">{0} mph</unitPattern>
			</unit>
			<unit type="volume-cubic-kilometer">
				<unitPattern count="one">{0} km³</unitPattern>
				<unitPattern count="other">{0} km³</unitPattern>
			</unit>
			<unit type="volume-cubic-mile">
				<unitPattern count="one">{0}mi³</unitPattern>
				<unitPattern count="other">{0} mi³</unitPattern>
			</unit>
		</unitLength>
	</units>
</ldml>

