<?xml version="1.0" encoding="UTF-8" ?>
<!DOCTYPE ldml SYSTEM "../../common/dtd/ldml.dtd">
<!-- Copyright © 1991-2013 Unicode, Inc.
CLDR data files are interpreted according to the LDML specification (http://unicode.org/reports/tr35/)
For terms of use, see http://www.unicode.org/copyright.html
-->
<ldml>
	<identity>
		<version number="$Revision: 9280 $"/>
		<generation date="$Date: 2013-08-27 13:07:13 -0500 (Tue, 27 Aug 2013) $"/>
		<language type="en"/>
		<territory type="BW"/>
	</identity>
	<dates>
		<calendars>
			<calendar type="generic">
				<dateFormats>
					<dateFormatLength type="full">
						<dateFormat>
							<pattern>EEEE dd MMMM y G</pattern>
						</dateFormat>
					</dateFormatLength>
					<dateFormatLength type="long">
						<dateFormat>
							<pattern>dd MMMM y G</pattern>
						</dateFormat>
					</dateFormatLength>
					<dateFormatLength type="short">
						<dateFormat>
							<pattern>dd/MM/y GGGGG</pattern>
						</dateFormat>
					</dateFormatLength>
				</dateFormats>
				<dateTimeFormats>
					<availableFormats>
						<dateFormatItem id="GyMMMd">dd MMM y G</dateFormatItem>
						<dateFormatItem id="GyMMMEd">E dd MMM y G</dateFormatItem>
						<dateFormatItem id="Md">dd/MM</dateFormatItem>
						<dateFormatItem id="MEd">E dd/MM</dateFormatItem>
						<dateFormatItem id="MMdd" draft="unconfirmed">dd/MM</dateFormatItem>
						<dateFormatItem id="MMMd">dd MMM</dateFormatItem>
						<dateFormatItem id="MMMEd">E dd MMM</dateFormatItem>
						<dateFormatItem id="yyyyM">MM/y G</dateFormatItem>
						<dateFormatItem id="yyyyMd">dd/MM/y G</dateFormatItem>
						<dateFormatItem id="yyyyMEd">E, dd/MM/y G</dateFormatItem>
						<dateFormatItem id="yyyyMMMd">dd MMM y G</dateFormatItem>
						<dateFormatItem id="yyyyMMMEd">E dd MMM y G</dateFormatItem>
						<dateFormatItem id="yyyyMMMM" draft="unconfirmed">MMMM y G</dateFormatItem>
					</availableFormats>
					<intervalFormats>
						<intervalFormatFallback draft="unconfirmed">{0} - {1}</intervalFormatFallback>
						<intervalFormatItem id="d">
							<greatestDifference id="d" draft="unconfirmed">d-d</greatestDifference>
						</intervalFormatItem>
						<intervalFormatItem id="h">
							<greatestDifference id="a" draft="unconfirmed">h a - h a</greatestDifference>
							<greatestDifference id="h" draft="unconfirmed">h-h a</greatestDifference>
						</intervalFormatItem>
						<intervalFormatItem id="hm">
							<greatestDifference id="a" draft="unconfirmed">h:mm a - h:mm a</greatestDifference>
							<greatestDifference id="h" draft="unconfirmed">h:mm-h:mm a</greatestDifference>
							<greatestDifference id="m" draft="unconfirmed">h:mm-h:mm a</greatestDifference>
						</intervalFormatItem>
						<intervalFormatItem id="hmv">
							<greatestDifference id="a" draft="unconfirmed">h:mm a - h:mm a v</greatestDifference>
							<greatestDifference id="h" draft="unconfirmed">h:mm-h:mm a v</greatestDifference>
							<greatestDifference id="m" draft="unconfirmed">h:mm-h:mm a v</greatestDifference>
						</intervalFormatItem>
						<intervalFormatItem id="hv">
							<greatestDifference id="a" draft="unconfirmed">h a - h a v</greatestDifference>
							<greatestDifference id="h" draft="unconfirmed">h-h a v</greatestDifference>
						</intervalFormatItem>
						<intervalFormatItem id="M">
							<greatestDifference id="M" draft="unconfirmed">M-M</greatestDifference>
						</intervalFormatItem>
						<intervalFormatItem id="Md">
							<greatestDifference id="d" draft="unconfirmed">dd/MM - dd/MM</greatestDifference>
							<greatestDifference id="M" draft="unconfirmed">dd/MM - dd/MM</greatestDifference>
						</intervalFormatItem>
						<intervalFormatItem id="MEd">
							<greatestDifference id="d" draft="unconfirmed">E dd/MM - E dd/MM</greatestDifference>
							<greatestDifference id="M" draft="unconfirmed">E dd/MM - E dd/MM</greatestDifference>
						</intervalFormatItem>
						<intervalFormatItem id="MMM">
							<greatestDifference id="M" draft="unconfirmed">MMM-MMM</greatestDifference>
						</intervalFormatItem>
						<intervalFormatItem id="MMMd">
							<greatestDifference id="d" draft="unconfirmed">dd-dd MMM</greatestDifference>
							<greatestDifference id="M" draft="unconfirmed">dd MMM - dd MMM</greatestDifference>
						</intervalFormatItem>
						<intervalFormatItem id="MMMEd">
							<greatestDifference id="d" draft="unconfirmed">E dd - E dd MMM</greatestDifference>
							<greatestDifference id="M" draft="unconfirmed">E dd MMM - E dd MMM</greatestDifference>
						</intervalFormatItem>
						<intervalFormatItem id="y">
							<greatestDifference id="y" draft="unconfirmed">y-y G</greatestDifference>
						</intervalFormatItem>
						<intervalFormatItem id="yM">
							<greatestDifference id="M" draft="unconfirmed">MM/y - MM/y G</greatestDifference>
							<greatestDifference id="y" draft="unconfirmed">MM/y - MM/y G</greatestDifference>
						</intervalFormatItem>
						<intervalFormatItem id="yMd">
							<greatestDifference id="d" draft="unconfirmed">dd/MM/y - dd/MM/y G</greatestDifference>
							<greatestDifference id="M" draft="unconfirmed">dd/MM/y - dd/MM/y G</greatestDifference>
							<greatestDifference id="y" draft="unconfirmed">dd/MM/y - dd/MM/y G</greatestDifference>
						</intervalFormatItem>
						<intervalFormatItem id="yMEd">
							<greatestDifference id="d" draft="unconfirmed">E dd/MM/y - E dd/MM/y G</greatestDifference>
							<greatestDifference id="M" draft="unconfirmed">E dd/MM/y - E dd/MM/y G</greatestDifference>
							<greatestDifference id="y" draft="unconfirmed">E dd/MM/y - E dd/MM/y G</greatestDifference>
						</intervalFormatItem>
						<intervalFormatItem id="yMMM">
							<greatestDifference id="M" draft="unconfirmed">MMM-MMM y G</greatestDifference>
							<greatestDifference id="y" draft="unconfirmed">MMM y - MMM y G</greatestDifference>
						</intervalFormatItem>
						<intervalFormatItem id="yMMMd">
							<greatestDifference id="d" draft="unconfirmed">dd-dd MMM y G</greatestDifference>
							<greatestDifference id="M" draft="unconfirmed">dd MMM - dd MMM y G</greatestDifference>
							<greatestDifference id="y" draft="unconfirmed">dd MMM y - dd MMM y G</greatestDifference>
						</intervalFormatItem>
						<intervalFormatItem id="yMMMEd">
							<greatestDifference id="d" draft="unconfirmed">E dd - E dd MMM y G</greatestDifference>
							<greatestDifference id="M" draft="unconfirmed">E dd MMM - E dd MMM y G</greatestDifference>
							<greatestDifference id="y" draft="unconfirmed">E dd MMM y - E dd MMM y G</greatestDifference>
						</intervalFormatItem>
					</intervalFormats>
				</dateTimeFormats>
			</calendar>
			<calendar type="gregorian">
				<dateFormats>
					<dateFormatLength type="full">
						<dateFormat>
							<pattern>EEEE dd MMMM y</pattern>
						</dateFormat>
					</dateFormatLength>
					<dateFormatLength type="long">
						<dateFormat>
							<pattern>dd MMMM y</pattern>
						</dateFormat>
					</dateFormatLength>
					<dateFormatLength type="short">
						<dateFormat>
							<pattern>dd/MM/yy</pattern>
						</dateFormat>
					</dateFormatLength>
				</dateFormats>
				<dateTimeFormats>
					<availableFormats>
						<dateFormatItem id="GyMMMd">dd MMM y G</dateFormatItem>
						<dateFormatItem id="GyMMMEd">E dd MMM y G</dateFormatItem>
						<dateFormatItem id="Md">dd/MM</dateFormatItem>
						<dateFormatItem id="MEd">E dd/MM</dateFormatItem>
						<dateFormatItem id="MMdd" draft="unconfirmed">dd/MM</dateFormatItem>
						<dateFormatItem id="MMMd">dd MMM</dateFormatItem>
						<dateFormatItem id="MMMEd">E dd MMM</dateFormatItem>
						<dateFormatItem id="yM">MM/y</dateFormatItem>
						<dateFormatItem id="yMd">dd/MM/y</dateFormatItem>
						<dateFormatItem id="yMEd">E, dd/MM/y</dateFormatItem>
						<dateFormatItem id="yMMMd">dd MMM y</dateFormatItem>
						<dateFormatItem id="yMMMEd">E dd MMM y</dateFormatItem>
						<dateFormatItem id="yMMMM" draft="unconfirmed">MMMM y</dateFormatItem>
					</availableFormats>
					<intervalFormats>
						<intervalFormatFallback draft="unconfirmed">{0} - {1}</intervalFormatFallback>
						<intervalFormatItem id="d">
							<greatestDifference id="d" draft="unconfirmed">d-d</greatestDifference>
						</intervalFormatItem>
						<intervalFormatItem id="h">
							<greatestDifference id="a" draft="unconfirmed">h a - h a</greatestDifference>
							<greatestDifference id="h" draft="unconfirmed">h-h a</greatestDifference>
						</intervalFormatItem>
						<intervalFormatItem id="hm">
							<greatestDifference id="a" draft="unconfirmed">h:mm a - h:mm a</greatestDifference>
							<greatestDifference id="h" draft="unconfirmed">h:mm-h:mm a</greatestDifference>
							<greatestDifference id="m" draft="unconfirmed">h:mm-h:mm a</greatestDifference>
						</intervalFormatItem>
						<intervalFormatItem id="hmv">
							<greatestDifference id="a" draft="unconfirmed">h:mm a - h:mm a v</greatestDifference>
							<greatestDifference id="h" draft="unconfirmed">h:mm-h:mm a v</greatestDifference>
							<greatestDifference id="m" draft="unconfirmed">h:mm-h:mm a v</greatestDifference>
						</intervalFormatItem>
						<intervalFormatItem id="hv">
							<greatestDifference id="a" draft="unconfirmed">h a - h a v</greatestDifference>
							<greatestDifference id="h" draft="unconfirmed">h-h a v</greatestDifference>
						</intervalFormatItem>
						<intervalFormatItem id="M">
							<greatestDifference id="M" draft="unconfirmed">M-M</greatestDifference>
						</intervalFormatItem>
						<intervalFormatItem id="Md">
							<greatestDifference id="d" draft="unconfirmed">dd/MM - dd/MM</greatestDifference>
							<greatestDifference id="M" draft="unconfirmed">dd/MM - dd/MM</greatestDifference>
						</intervalFormatItem>
						<intervalFormatItem id="MEd">
							<greatestDifference id="d" draft="unconfirmed">E dd/MM - E dd/MM</greatestDifference>
							<greatestDifference id="M" draft="unconfirmed">E dd/MM - E dd/MM</greatestDifference>
						</intervalFormatItem>
						<intervalFormatItem id="MMM">
							<greatestDifference id="M" draft="unconfirmed">MMM-MMM</greatestDifference>
						</intervalFormatItem>
						<intervalFormatItem id="MMMd">
							<greatestDifference id="d" draft="unconfirmed">dd-dd MMM</greatestDifference>
							<greatestDifference id="M" draft="unconfirmed">dd MMM - dd MMM</greatestDifference>
						</intervalFormatItem>
						<intervalFormatItem id="MMMEd">
							<greatestDifference id="d" draft="unconfirmed">E dd - E dd MMM</greatestDifference>
							<greatestDifference id="M" draft="unconfirmed">E dd MMM - E dd MMM</greatestDifference>
						</intervalFormatItem>
						<intervalFormatItem id="y">
							<greatestDifference id="y" draft="unconfirmed">y-y</greatestDifference>
						</intervalFormatItem>
						<intervalFormatItem id="yM">
							<greatestDifference id="M" draft="unconfirmed">MM/y - MM/y</greatestDifference>
							<greatestDifference id="y" draft="unconfirmed">MM/y - MM/y</greatestDifference>
						</intervalFormatItem>
						<intervalFormatItem id="yMd">
							<greatestDifference id="d" draft="unconfirmed">dd/MM/y - dd/MM/y</greatestDifference>
							<greatestDifference id="M" draft="unconfirmed">dd/MM/y - dd/MM/y</greatestDifference>
							<greatestDifference id="y" draft="unconfirmed">dd/MM/y - dd/MM/y</greatestDifference>
						</intervalFormatItem>
						<intervalFormatItem id="yMEd">
							<greatestDifference id="d" draft="unconfirmed">E dd/MM/y - E dd/MM/y</greatestDifference>
							<greatestDifference id="M" draft="unconfirmed">E dd/MM/y - E dd/MM/y</greatestDifference>
							<greatestDifference id="y" draft="unconfirmed">E dd/MM/y - E dd/MM/y</greatestDifference>
						</intervalFormatItem>
						<intervalFormatItem id="yMMM">
							<greatestDifference id="M" draft="unconfirmed">MMM-MMM y</greatestDifference>
							<greatestDifference id="y" draft="unconfirmed">MMM y - MMM y</greatestDifference>
						</intervalFormatItem>
						<intervalFormatItem id="yMMMd">
							<greatestDifference id="d" draft="unconfirmed">dd-dd MMM y</greatestDifference>
							<greatestDifference id="M" draft="unconfirmed">dd MMM - dd MMM y</greatestDifference>
							<greatestDifference id="y" draft="unconfirmed">dd MMM y - dd MMM y</greatestDifference>
						</intervalFormatItem>
						<intervalFormatItem id="yMMMEd">
							<greatestDifference id="d" draft="unconfirmed">E dd - E dd MMM y</greatestDifference>
							<greatestDifference id="M" draft="unconfirmed">E dd MMM - E dd MMM y</greatestDifference>
							<greatestDifference id="y" draft="unconfirmed">E dd MMM y - E dd MMM y</greatestDifference>
						</intervalFormatItem>
					</intervalFormats>
				</dateTimeFormats>
			</calendar>
		</calendars>
		<timeZoneNames>
			<metazone type="Africa_Central">
				<short>
					<standard>CAT</standard>
				</short>
			</metazone>
			<metazone type="Africa_Eastern">
				<short>
					<standard>EAT</standard>
				</short>
			</metazone>
			<metazone type="Africa_Southern">
				<short>
					<standard>SAST</standard>
				</short>
			</metazone>
			<metazone type="Africa_Western">
				<short>
					<generic>WAT</generic>
					<standard>WAT</standard>
					<daylight>WAST</daylight>
				</short>
			</metazone>
		</timeZoneNames>
	</dates>
	<numbers>
		<currencies>
			<currency type="BWP">
				<symbol>P</symbol>
			</currency>
		</currencies>
	</numbers>
</ldml>

