<?xml version="1.0" encoding="UTF-8" ?>
<!DOCTYPE ldml SYSTEM "../../common/dtd/ldml.dtd">
<!-- Copyright © 1991-2013 Unicode, Inc.
CLDR data files are interpreted according to the LDML specification (http://unicode.org/reports/tr35/)
For terms of use, see http://www.unicode.org/copyright.html
-->
<ldml>
	<identity>
		<version number="$Revision: 9170 $"/>
		<generation date="$Date: 2013-08-07 23:47:50 -0500 (Wed, 07 Aug 2013) $"/>
		<language type="en"/>
		<territory type="BS"/>
	</identity>
	<numbers>
		<currencies>
			<currency type="BSD">
				<symbol>$</symbol>
			</currency>
		</currencies>
	</numbers>
</ldml>
