<?xml version="1.0" encoding="UTF-8" ?>
<!DOCTYPE ldmlBCP47 SYSTEM "../../common/dtd/ldmlBCP47.dtd">
<!--
Copyright © 1991-2013 Unicode, Inc.
CLDR data files are interpreted according to the LDML specification (http://unicode.org/reports/tr35/)
For terms of use, see http://www.unicode.org/copyright.html
-->

<ldmlBCP47>
    <version number="$Revision: 9198 $"/>
    <generation date="$Date: 2013-08-12 16:14:45 -0500 (Mon, 12 Aug 2013) $"/>
    <keyword>
        <key name="ca" description="Calendar algorithm key" alias="calendar">
            <type name="buddhist" description="Thai Buddhist calendar"/>
            <type name="chinese" description="Traditional Chinese calendar"/>
            <type name="coptic" description="Coptic calendar"/>
            <type name="dangi" description="Traditional Korean calendar" since="22.1"/>
            <type name="ethioaa" description="Ethiopic calendar, Amete Alem (epoch approx. 5493 B.C.E)" alias="ethiopic-amete-alem"/>
            <type name="ethiopic" description="Ethiopic calendar, Amete Mihret (epoch approx, 8 C.E.)"/>
            <type name="gregory" description="Gregorian calendar" alias="gregorian"/>
            <type name="hebrew" description="Traditional Hebrew calendar"/>
            <type name="indian" description="Indian calendar"/>
            <type name="islamic" description="Islamic calendar"/>
            <type name="islamic-umalqura" description="Islamic calendar, Umm al-Qura" since="24"/>
            <type name="islamic-tbla" description="Islamic calendar, tabular (intercalary years [2,5,7,10,13,16,18,21,24,26,29] - astronomical epoch)" since="24"/>
            <type name="islamic-civil" description="Islamic calendar, tabular (intercalary years [2,5,7,10,13,16,18,21,24,26,29] - civil epoch)" since="24"/>
            <type name="islamic-rgsa" description="Islamic calendar, Saudi Arabia sighting" since="24"/>
            <type name="iso8601" description="ISO calendar (Gregorian calendar using the ISO 8601 calendar week rules)" since="2.0"/>
            <type name="japanese" description="Japanese Imperial calendar"/>
            <type name="persian" description="Persian calendar"/>
            <type name="roc" description="Republic of China calendar"/>

            <type name="islamicc" description="Civil (algorithmic) Arabic calendar" deprecated="true" preferred="islamic-civil"  alias="islamic-civil"/>
        </key>
    </keyword>
</ldmlBCP47>
