<?xml version="1.0" encoding="UTF-8" ?>
<!DOCTYPE ldml SYSTEM "../../common/dtd/ldml.dtd">
<!-- Copyright © 1991-2013 Unicode, Inc.
CLDR data files are interpreted according to the LDML specification (http://unicode.org/reports/tr35/)
For terms of use, see http://www.unicode.org/copyright.html
-->
<ldml>
	<identity>
		<version number="$Revision: 9229 $"/>
		<generation date="$Date: 2013-08-18 23:26:52 -0500 (Sun, 18 Aug 2013) $"/>
		<language type="jgo"/>
	</identity>
	<metadata>
		<casingData>
			<casingItem type="day_format_except_narrow">titlecase</casingItem>
			<casingItem type="day_narrow">titlecase</casingItem>
			<casingItem type="day_standalone_except_narrow">titlecase</casingItem>
			<casingItem type="displayName">titlecase</casingItem>
			<casingItem type="era_abbr">lowercase</casingItem>
			<casingItem type="era_name">lowercase</casingItem>
			<casingItem type="era_narrow">lowercase</casingItem>
			<casingItem type="key">titlecase</casingItem>
			<casingItem type="language">titlecase</casingItem>
			<casingItem type="month_format_except_narrow">titlecase</casingItem>
			<casingItem type="month_standalone_except_narrow">titlecase</casingItem>
			<casingItem type="script">lowercase</casingItem>
			<casingItem type="symbol">titlecase</casingItem>
			<casingItem type="tense">lowercase</casingItem>
			<casingItem type="territory">titlecase</casingItem>
			<casingItem type="type">lowercase</casingItem>
		</casingData>
	</metadata>
</ldml>
