<?xml version="1.0" encoding="UTF-8" ?>
<!DOCTYPE ldml SYSTEM "../../common/dtd/ldml.dtd">
<!-- Copyright © 1991-2013 Unicode, Inc.
CLDR data files are interpreted according to the LDML specification (http://unicode.org/reports/tr35/)
For terms of use, see http://www.unicode.org/copyright.html
-->
<ldml>
	<identity>
		<version number="$Revision: 9129 $"/>
		<generation date="$Date: 2013-08-05 17:45:59 -0500 (Mon, 05 Aug 2013) $"/>
		<language type="uz"/>
	</identity>
	<metadata>
		<casingData>
			<casingItem type="day_narrow">titlecase</casingItem>
			<casingItem type="displayName">titlecase</casingItem>
			<casingItem type="language">lowercase</casingItem>
			<casingItem type="month_format_except_narrow">titlecase</casingItem>
			<casingItem type="month_narrow">titlecase</casingItem>
			<casingItem type="month_standalone_except_narrow">titlecase</casingItem>
			<casingItem type="script">titlecase</casingItem>
			<casingItem type="symbol">lowercase</casingItem>
			<casingItem type="territory">titlecase</casingItem>
		</casingData>
	</metadata>
</ldml>
