<?xml version="1.0" encoding="UTF-8" ?>
<!DOCTYPE ldml SYSTEM "../../common/dtd/ldml.dtd">
<!-- Copyright © 1991-2013 Unicode, Inc.
CLDR data files are interpreted according to the LDML specification (http://unicode.org/reports/tr35/)
For terms of use, see http://www.unicode.org/copyright.html
-->
<ldml>
	<identity>
		<version number="$Revision: 8983 $"/>
		<generation date="$Date: 2013-07-01 18:21:57 -0500 (Mon, 01 Jul 2013) $"/>
		<language type="zh"/>
		<script type="Hans"/>
		<territory type="SG"/>
	</identity>
	<metadata>
		<casingData>
			<casingItem type="symbol">titlecase</casingItem>
		</casingData>
	</metadata>
</ldml>
