<?xml version="1.0" encoding="UTF-8" ?>
<!DOCTYPE ldml SYSTEM "../../common/dtd/ldml.dtd">
<!--
Copyright © 1991-2013 Unicode, Inc.
CLDR data files are interpreted according to the LDML specification (http://unicode.org/reports/tr35/)
For terms of use, see http://www.unicode.org/copyright.html
-->
<ldml>
	<identity>
		<version number="$Revision: 8900 $"/>
		<generation date="$Date: 2013-06-12 17:21:10 -0500 (Wed, 12 Jun 2013) $"/>
		<language type="bs" /> 
	</identity>
	<collations validSubLocales="bs_Latn bs_Latn_BA">
		<collation type="search">
			<import source="hr" type="search"/>
		</collation>
		<collation type="standard">
			<import source="hr"/>
		</collation>
	</collations>
</ldml>
