<?xml version="1.0" encoding="UTF-8" ?>
<!DOCTYPE ldml SYSTEM "../../common/dtd/ldml.dtd">
<!--
Copyright © 1991-2013 Unicode, Inc.
CLDR data files are interpreted according to the LDML specification (http://unicode.org/reports/tr35/)
For terms of use, see http://www.unicode.org/copyright.html
-->
<ldml>
	<identity>
		<version number="$Revision: 8900 $"/>
		<generation date="$Date: 2013-06-12 17:21:10 -0500 (Wed, 12 Jun 2013) $"/>
		<language type="ha"/> 
	</identity>
	<collations validSubLocales="ha_Latn ha_Latn_GH ha_Latn_NE ha_Latn_NG">
		<collation type="standard" references="Paul Newman: Hausa-English Dictionary ISBN 978-0-300-12246-6">
			<cr><![CDATA[
				&B<ɓ<<<Ɓ
				&D<ɗ<<<Ɗ
				&K<ƙ<<<Ƙ
				&S<sh<<<Sh<<<SH
				&T<ts<<<Ts<<<TS
				&Y<ƴ<<<ʼy<<<''y<<<Ƴ<<<ʼY<<<''Y
			]]></cr>
		</collation>
	</collations>
</ldml>
