<?xml version="1.0" encoding="UTF-8" ?>
<!DOCTYPE ldml SYSTEM "../../common/dtd/ldml.dtd">
<!--
Copyright © 1991-2013 Unicode, Inc.
CLDR data files are interpreted according to the LDML specification (http://unicode.org/reports/tr35/)
For terms of use, see http://www.unicode.org/copyright.html
-->
<ldml draft="unconfirmed">
	<identity>
		<version number="$Revision: 9241 $"/>
		<generation date="$Date: 2013-08-20 16:56:54 -0500 (Tue, 20 Aug 2013) $" />
		<language type="haw" /> 
	</identity>
		<collations validSubLocales="haw_US">
			<collation type="standard" >
				<cr><![CDATA[
					&a<e<<<E<i<<<I<o<<<O<u<<<U
					&w<ʻ
				]]></cr>
			</collation>
		</collations>
</ldml>
