<?xml version="1.0" encoding="UTF-8" ?>
<!DOCTYPE ldml SYSTEM "../../common/dtd/ldml.dtd">
<!--
Copyright © 1991-2013 Unicode, Inc.
CLDR data files are interpreted according to the LDML specification (http://unicode.org/reports/tr35/)
For terms of use, see http://www.unicode.org/copyright.html
-->
<ldml>
    <identity>
        <version number="$Revision: 8242 $"/>
        <generation date="$Date: 2013-02-24 21:06:02 -0600 (Sun, 24 Feb 2013) $"/>
        <language type="mk"/> 
    </identity>
	<collations validSubLocales="mk_MK">
		<collation type="standard">
			<settings reorder="Cyrl"/>
			<suppress_contractions>[АаӘәЕеЖжЗзИиІіОоӨөУуЧчЫыЭэѴѵ]</suppress_contractions>
			<!--
				List of UCA contractions remaining after suppression:

				Ѓ 0413 0301 CYRILLIC CAPITAL LETTER GJE
				ѓ 0433 0301 CYRILLIC SMALL LETTER GJE
				Ќ 041A 0301 CYRILLIC CAPITAL LETTER KJE
				ќ 043A 0301 CYRILLIC SMALL LETTER KJE
			-->
		</collation>
	</collations>
</ldml>
