<?xml version="1.0" encoding="UTF-8" ?>
<!DOCTYPE ldml SYSTEM "../../common/dtd/ldml.dtd">
<!--
Copyright © 1991-2013 Unicode, Inc.
CLDR data files are interpreted according to the LDML specification (http://unicode.org/reports/tr35/)
For terms of use, see http://www.unicode.org/copyright.html
-->
<ldml>
	<identity>
		<version number="$Revision: 8900 $"/>
		<generation date="$Date: 2013-06-12 17:21:10 -0500 (Wed, 12 Jun 2013) $"/>
		<language type="om" /> 
	</identity>
	<collations  validSubLocales="om_ET om_KE">
		<collation type="standard" >
			<cr><![CDATA[
				&Z<ch<<<Ch<<<CH<dh<<<Dh<<<DH<kh<<<Kh<<<KH<ny<<<Ny<<<NY<ph<<<Ph<<<PH<sh<<<Sh
			]]></cr>
		</collation  >
	</collations>
</ldml>
