<?xml version="1.0" encoding="UTF-8" ?>
<!DOCTYPE ldml SYSTEM "../../common/dtd/ldml.dtd">
<!--
Copyright © 1991-2013 Unicode, Inc.
CLDR data files are interpreted according to the LDML specification (http://unicode.org/reports/tr35/)
For terms of use, see http://www.unicode.org/copyright.html
-->
<ldml>
	<identity>
		<version number="$Revision: 8900 $"/>
		<generation date="$Date: 2013-06-12 17:21:10 -0500 (Wed, 12 Jun 2013) $"/>
		<language type="ps" /> 
	</identity>
		<collations  validSubLocales="ps_AF">
			<collation type="standard" >
				<settings normalization="on" reorder="Arab"/>
				<cr><![CDATA[
					&َ<<ِ<<ُ<<ً<<ٍ<<ٌ
					&[before 1]ا<آ
					&ا<<*أٲٱإٳ<ء
					&ت<ټ<<ٹ
					&ج<ځ<<حٔ
					&چ<څ
					&د<ډ<<ڈ
					&ر<ړ<<ڑ
					&ژ<ږ
					&ک<<*ڪك
					&ګ<<گ
					&ڼ<<ڻ
					&و<<*ؤۇۉ
					&ه<<<ۀ<<<هٔ<<*ەہھةۃ
					&ی<<*ىےيېۍ<<یٔ<<<ىٔ<<<ئ
					&\u00A0<<\u200C<<\u200D
				]]></cr>
			</collation  >
		</collations>
</ldml>
