<?xml version="1.0" encoding="UTF-8" ?>
<!DOCTYPE ldml SYSTEM "../../common/dtd/ldml.dtd">
<!--
Copyright © 1991-2013 Unicode, Inc.
CLDR data files are interpreted according to the LDML specification (http://unicode.org/reports/tr35/)
For terms of use, see http://www.unicode.org/copyright.html
-->
<ldml>
	<identity>
		<version number="$Revision: 8900 $"/>
		<generation date="$Date: 2013-06-12 17:21:10 -0500 (Wed, 12 Jun 2013) $"/>
		<language type="ro" /> 
	</identity>
		<collations validSubLocales="ro_RO ro_MD">
			<collation type="standard" references="Academia Română: DEX - Dicționarul explicativ al limbii române ISBN 973-924-329-2">
				<cr><![CDATA[
					&A<ă<<<Ă<â<<<Â
					&I<î<<<Î
					&S<ş=ș<<<Ş=Ș
					&T<ţ=ț<<<Ţ=Ț
				]]></cr>
			</collation>
		</collations>
</ldml>
