<?xml version="1.0" encoding="UTF-8" ?>
<!DOCTYPE ldml SYSTEM "../../common/dtd/ldml.dtd">
<!--
Copyright © 1991-2013 Unicode, Inc.
CLDR data files are interpreted according to the LDML specification (http://unicode.org/reports/tr35/)
For terms of use, see http://www.unicode.org/copyright.html
-->
<ldml>
	<identity>
		<version number="$Revision: 8900 $" />
		<generation date="$Date: 2013-06-12 17:21:10 -0500 (Wed, 12 Jun 2013) $" />
		<language type="si" />
	</identity>
	<collations validSubLocales="si_LK">
		<collation type="standard" references="Sri Lanka standard 1134 Part 1 - 2007 edition - Sri Lanka Standards Institution">
			<settings normalization="on" reorder="Sinh Deva Beng Guru Gujr Orya Taml Telu Knda Mlym"/>
			<cr><![CDATA[
				&ඖ<ං<ඃ
				&ඥ<ඤ
			]]></cr>
		</collation>
		<collation type="dictionary" references="Sri Lanka standard 1134 Part 1 - 2007 edition - Sri Lanka Standards Institution">
			<settings normalization="on" reorder="Sinh Deva Beng Guru Gujr Orya Taml Telu Knda Mlym"/>
			<cr><![CDATA[
				&ඖ<ං<ඃ
				&ජ්ඤ<<ඥ
			]]></cr>
		</collation>
	</collations>
</ldml>
